"1","This is an import testing method","2","1","2021-01-07T14:05:08.000000Z","2021-01-07T14:05:08.000000Z"
"2","This is the body for topic 1","3","1","2021-01-07T14:05:31.000000Z","2021-01-07T14:05:31.000000Z"
"3","This is the body for topic THIRD","4","1","2021-01-07T14:13:59.000000Z","2021-01-07T14:13:59.000000Z"
"5","This is the body for topic FOFITH","6","1","2021-01-07T14:39:22.000000Z","2021-01-07T14:39:22.000000Z"
"6","This is the body for SIXTH FOFITH","7","1","2021-01-07T14:39:47.000000Z","2021-01-07T14:39:47.000000Z"
"7","This is the body for body for SIXTH FOFITHThis is the body for SIXTH FOFITHThis is the body for SIXTH FOFITHThis is the body for SIXTH FOFITH","8","1","2021-01-07T14:44:31.000000Z","2021-01-07T14:44:31.000000Z"
"8","sqcdqscvqsdcsdv fsdbetzgrf","9","1","2021-01-07T15:46:29.000000Z","2021-01-07T15:46:29.000000Z"
"10","i created this vendredi","11","2","2021-01-08T08:57:22.000000Z","2021-01-08T08:57:22.000000Z"
"12","This is the body for body for SIXTH FOFITHThis is the body for SIXTH FOFITHThis is the body for SIXTH FOFITHThis fsezfzefzefezfdzefzef is the body for SIXTH FOFITH","3","1","2021-01-11T08:28:58.000000Z","2021-01-11T08:28:58.000000Z"
"13","This is the body for body for SIXTH FOFITHThis is the body for SIXTH FOFITHThis is the body for SIXTH FOFITHThis fsezfzefzefezfdzefzef is the body for SIXTH FOFITH","11","1","2021-01-11T08:29:56.000000Z","2021-01-11T08:29:56.000000Z"
"14","This is the body for body for SIXTH FOFITHThis is the body for SIXTH FOFITHThis is the body for SIXTH FOFITHThis fsezfzefzefezfdzefzef is the body for SIXTH FOFITH","11","1","2021-01-11T08:29:58.000000Z","2021-01-11T08:29:58.000000Z"
"15","This is the body for body for SIXTH FOFITHThis is the body for SIXTH FOFITHThis is the body for SIXTH FOFITHThis fsezfzefzefezfdzefzef is the body for SIXTH FOFITH","11","1","2021-01-11T08:29:59.000000Z","2021-01-11T08:29:59.000000Z"
"16","This is the body for body for SIXTH FOFITHThis is the body for SIXTH FOFITHThis is the body for SIXTH FOFITHThis fsezfzefzefezfdzefzef is the body for SIXTH FOFITH","11","1","2021-01-11T08:29:59.000000Z","2021-01-11T08:29:59.000000Z"
"17","je lai deja dit","13","1","2021-01-11T13:40:36.000000Z","2021-01-11T13:40:36.000000Z"
"18","je lai deja dit","14","1","2021-01-11T13:40:37.000000Z","2021-01-11T13:40:37.000000Z"
"19","je lai deja dit","15","1","2021-01-11T13:42:32.000000Z","2021-01-11T13:42:32.000000Z"
"20","je lai deja dit","16","1","2021-01-11T13:43:04.000000Z","2021-01-11T13:43:04.000000Z"
"21","je lai deja dit","17","1","2021-01-11T13:45:23.000000Z","2021-01-11T13:45:23.000000Z"
"22","je lai deja dit","18","1","2021-01-11T14:09:30.000000Z","2021-01-11T14:09:30.000000Z"
"23","Fpwt","19","1","2021-01-11T15:54:45.000000Z","2021-01-11T15:54:45.000000Z"
"24","fwpwa","20","1","2021-01-11T15:56:15.000000Z","2021-01-11T15:56:15.000000Z"
"28","berberb","24","1","2021-01-11T16:34:16.000000Z","2021-01-11T16:34:16.000000Z"
"29","je lai deja dit","25","1","2021-01-11T16:47:52.000000Z","2021-01-11T16:47:52.000000Z"
"30","je lai deja dit","26","1","2021-01-11T16:48:35.000000Z","2021-01-11T16:48:35.000000Z"
"35","Ouais !!! un nouveau post de modifier en front a ce jour mardi dernier jour de formation","27","1","2021-01-12T10:09:33.000000Z","2021-01-12T11:10:26.000000Z"
"37","svme,rzmb,er,klb:er,km√πb,erb","27","1","2021-01-12T10:14:15.000000Z","2021-01-12T10:14:15.000000Z"
"38","Lorem ipsum dolor sit amet, consectetur adipiscing elit. Donec at magna maximus, gravida enim id, dignissim ipsum. Phasellus mollis, risus eget porta mollis, velit lorem molestie lorem, a dapibus orci magna vel magna. Donec eu risus n","27","1","2021-01-12T10:15:51.000000Z","2021-01-12T10:15:51.000000Z"
"62","fgnredhersthbrezth","27","1","2021-01-13T16:22:51.000000Z","2021-01-13T16:22:51.000000Z"
"63","lef,gnoqjnrejng","26","1","2021-01-13T16:23:22.000000Z","2021-01-13T16:23:22.000000Z"
"64","ti fafa","26","1","2021-01-13T16:25:46.000000Z","2021-01-13T16:25:46.000000Z"
"65","sqerzfdzed","26","1","2021-01-13T16:26:22.000000Z","2021-01-13T16:26:22.000000Z"
"66","naw fafa","26","1","2021-01-13T16:26:53.000000Z","2021-01-13T16:26:53.000000Z"
"67","sdvsdfvsdfv","25","1","2021-01-13T16:36:23.000000Z","2021-01-13T16:36:23.000000Z"
"68","try","25","1","2021-01-13T16:47:18.000000Z","2021-01-13T16:47:18.000000Z"
"69","try to create without attached file cause whhy not","20","1","2021-01-14T09:10:03.000000Z","2021-01-14T09:10:03.000000Z"
"70","rtsgrsgrdsg","27","1","2021-01-14T09:12:01.000000Z","2021-01-14T09:12:01.000000Z"
"71","try to create without attached file cause whhy not","20","1","2021-01-14T09:13:05.000000Z","2021-01-14T09:13:05.000000Z"
"72","try to create without attached file cause whhy not","20","1","2021-01-14T09:21:03.000000Z","2021-01-14T09:21:03.000000Z"
"73","v fsdgfezqgfserg","27","1","2021-01-14T09:22:08.000000Z","2021-01-14T09:22:08.000000Z"
"74","fbdfb","27","1","2021-01-14T09:25:08.000000Z","2021-01-14T09:25:08.000000Z"
"75","reagzegfzergergezrgzertskjehfkuzehfnljqejzflmjzamoejkgilpmvqjers","27","1","2021-01-14T09:26:21.000000Z","2021-01-14T09:26:21.000000Z"
"76","12345","27","1","2021-01-14T09:26:52.000000Z","2021-01-14T09:26:52.000000Z"
"77","sfvsdfgzrefgzeezf","27","1","2021-01-14T09:37:30.000000Z","2021-01-14T09:37:30.000000Z"
"78","qesfesqfqsf","27","1","2021-01-14T09:37:56.000000Z","2021-01-14T09:37:56.000000Z"
"79","qsfzef","27","1","2021-01-14T09:39:57.000000Z","2021-01-14T09:39:57.000000Z"
"80","sfqdvsdvdsvsdv","24","1","2021-01-14T09:41:52.000000Z","2021-01-14T09:41:52.000000Z"
"81","sfdbvdsfqvfdsv","27","1","2021-01-14T09:44:02.000000Z","2021-01-14T09:44:02.000000Z"
